Memory size: 128, Concurrent number: 2, FileSize: 7.000000
Latency of GetObject(File Size: 64 KB)
0.165874521
0.161754832
0.141812568
0.140512166
0.102381379
0.099947197
0.085144166
0.085120846
0.079138574
0.066438495
0.064879721
0.060235576
0.060232536
0.060015052
0.059829756
0.059690618
0.05912924
0.05872541
0.058249647
0.055972405
0.047480804
0.040937913
0.040233131
0.040215363
0.039800385
0.039616158
0.03947199
0.039158416
0.035407032
0.025446225
0.024901673
0.022257188
0.021783011
0.02114253
0.021029634
0.020955778
0.020851741
0.0208353
0.020767358
0.02075656
0.020276641
0.020124011
0.020122891
0.020114724
0.020039307
0.020014583
0.019967948
0.019955275
0.019916059
0.019907679
0.019888419
0.019874158
0.01986587
0.01960606
0.019466263
0.019000673
0.017970524
0.017000114
0.016161858
0.014876358
Memory size: 128, Concurrent number: 2, FileSize: 8.000000
Latency of GetObject(File Size: 128 KB)
0.347155621
0.230425256
0.166303163
0.155402447
0.115822326
0.110484516
0.100545673
0.099560184
0.098675262
0.098518944
0.095469095
0.094500364
0.084472021
0.081511018
0.07950598
0.079147546
0.076232388
0.076048753
0.075987564
0.073583234
0.071519843
0.062577597
0.06105223
0.060253284
0.060079437
0.05855798
0.057795355
0.042505386
0.04095825
0.040897298
0.040619065
0.040595726
0.040291814
0.040261733
0.0401429
0.039945048
0.0399261
0.039921932
0.039904311
0.039597624
0.039466759
0.039304533
0.039144166
0.03734454
0.037070461
0.033463343
0.023499501
0.022825085
0.022503195
0.022365481
0.022291296
0.020873424
0.020659116
0.020530182
0.020319784
0.019953462
0.019798295
0.019417275
0.019374913
0.016370514
Memory size: 128, Concurrent number: 2, FileSize: 9.000000
Latency of GetObject(File Size: 256 KB)
1.154931289
1.088778175
1.060892698
1.058932556
1.039168761
0.999720975
0.989877387
0.978675725
0.140372509
0.137437675
0.119391914
0.11881303
0.112175041
0.10037158
0.100122078
0.099954438
0.099594206
0.098958942
0.098342465
0.098060702
0.091302211
0.081934323
0.080304872
0.080210674
0.080016483
0.079991595
0.079850479
0.079569439
0.079244335
0.079000008
0.078847565
0.078717488
0.078514202
0.078151922
0.077796014
0.076064241
0.061772016
0.061750559
0.061661482
0.060171724
0.059865543
0.059546546
0.059471499
0.058272446
0.057877831
0.042021139
0.041750156
0.040929381
0.040655248
0.040148309
0.039958263
0.039903672
0.039699916
0.032170847
0.031893112
0.022816617
0.022343039
0.021364128
0.02102912
0.02095632