Memory size: 128, Concurrent number: 2
Stats Metrics,TotalSizeInBytes,Latency
avg,20.333333,0.453447
min,10.000000,0.147404
p25,15.000000,0.214786
p50,21.000000,0.369670
p75,25.000000,0.531580
p90,26.000000,0.817592
p99,27.000000,0.941495
max,28.000000,0.982173